first_name,last_name,job_title,department,email,address,phone_number,salary,password
Charlotte,Diaz,Public relations officer,"Lecturer, higher education",debra40@example.net,Danielburgh,839-297-6881,19801,wziKo0fU
Stacy,Gibbs,"Engineer, land",Geographical information systems officer,michael00@example.net,East Elizabethmouth,(779)311-0826x4466,70451,zZjqviOE
Wendy,Fox,Make,Commissioning editor,sara24@example.com,Brianville,(283)214-5659,17074,xX6MsLCB
Laura,Neal,Biomedical engineer,Surgeon,lori19@example.net,Hallstad,001-371-561-0678,58333,sJHw3mtP
Brian,Kelley,Hydrogeologist,Set designer,riveracurtis@example.com,New Jefferyborough,+1-854-980-3114x069,86816,N7VHUZbD
Scott,Richards,"Producer, television/film/video","Engineer, aeronautical",janice92@example.net,Port Trevorborough,001-485-246-4439x406,50797,V3n9k5df
James,Barry,Structural engineer,Museum education officer,macdonaldtyler@example.com,Johnsonchester,263.230.7892,40782,EzfmGgWS
William,Evans,Museum education officer,Ergonomist,ashley23@example.net,South Elizabethview,532-663-8971x1147,68489,bgX0CLOn
Heidi,Diaz,"Conservation officer, historic buildings",Video editor,juliejames@example.org,New Sarahview,208-947-1648x67234,69101,gnon4Kwp
Danielle,Garcia,Geophysical data processor,"Copywriter, advertising",njensen@example.org,East Robertmouth,-6930,9164,WwdWoA84
Jennifer,Scott,Logistics and distribution manager,Academic librarian,michaelescobar@example.com,Josephfurt,(781)227-3956x6677,35970,8fTczVkH
Brent,Foster,Technical author,"Geneticist, molecular",bjohnson@example.com,East Jaymouth,499-892-4064x052,57880,mUCMYGrj
Melanie,Duncan,"Scientist, physiological",Water quality scientist,rosariosarah@example.com,North Jaystad,+1-572-286-8381x25801,13192,WddybYHm
David,Russell,Veterinary surgeon,Psychotherapist,ajefferson@example.com,East Susanburgh,001-941-509-8215x7022,54570,ypLNPRPg
Susan,Cook,Software engineer,Meteorologist,rnguyen@example.net,Teresafort,3729419766,46212,gt423tH7
Joseph,Strickland,Location manager,Fashion designer,douglas50@example.com,Millerview,409-205-6943,54648,imUXu1zn
Jessica,Thompson,Television production assistant,Chief Operating Officer,odonnelldaisy@example.net,Port Cindy,(229)338-9013x3933,81215,dyVO915n
James,Stevenson,Quarry manager,"Conservator, museum/gallery",kathleenhicks@example.org,Georgeport,001-830-410-4115x1545,58399,8OTRMmi4
Amanda,Duran,Secondary school teacher,"Engineer, water",kimberlytaylor@example.org,South Jenniferchester,502-250-3287x2735,7432,TR4pviDk
Jeffrey,Clark,Nutritional therapist,Cabin crew,william82@example.net,West Ryanmouth,+1-967-959-6990x741,37314,MeL3KqXP
Jessica,Archer,Broadcast presenter,Marine scientist,joanne40@example.net,Gillfort,423-449-7702x585,96971,NdcmkxL2
Mark,Torres,Best boy,Management consultant,mandy52@example.net,East Richardview,+1-654-395-1782x10085,81333,NfYs5IQx
Curtis,Shelton,"Conservation officer, historic buildings",Retail manager,ellisgloria@example.net,North Katherineshire,-5309,11744,AriHPT3h
Sarah,Moore,"Radiographer, diagnostic","Teacher, early years/pre",stephanie11@example.org,Bennetttown,+1-666-563-0539x2690,9405,vEN6Pjsq
Katherine,Johnson,Advertising account executive,Video editor,wdiaz@example.org,Ochoamouth,602-407-1443x210,9813,dRRrcaBw
Brian,Francis,"Teacher, music",Land,johnbradshaw@example.org,Robinland,001-355-934-8165,85033,8MqJTXUn
Robert,Rogers,Stage manager,Environmental consultant,cadams@example.net,Bradleyfort,001-920-351-9863x2808,82278,vrQb40vS
Robert,Sullivan,Adult nurse,Pharmacologist,michele16@example.net,Joshuaville,456-609-8834,76926,Qa7xFvk1
Michael,Rich,"Scientist, forensic","Engineer, aeronautical",bruiz@example.com,Mariaburgh,598.651.1779,87543,Gr2dKZjm
James,Brown,Operational researcher,Corporate treasurer,cooperchristina@example.org,Morrisfort,001-598-516-1799x716,15037,rHSHmSvK
Sherry,Barnes,"Presenter, broadcasting",Translator,cherylsoto@example.com,Elaineland,001-341-261-4562x40499,68560,781YuWTi
Laurie,Alvarado,"Programmer, systems",Aeronautical engineer,marshadrian@example.net,South Jeremiah,2417328011,18361,GY6UopSn
Daniel,Ramirez,Dramatherapist,Special educational needs teacher,alexmartin@example.net,Kramershire,8424293379,70186,6CL3KiH2
Sandra,Wood,Educational psychologist,"Psychologist, educational",thomasanthony@example.net,Port Diana,(754)464-4551x394,10218,CmrGmseZ
Nancy,Hebert,Personnel officer,Company secretary,gclark@example.com,Keybury,(331)656-9789x263,11252,SCdrVwCt
Kathleen,Huerta,Advertising art director,Herbalist,zwarren@example.com,Alexandraborough,(563)227-7853x56973,80269,gu09upcS
Annette,Rivera,"Designer, furniture",IT consultant,susan29@example.net,West Courtney,583.688.5465,99279,SQ5yWvz0
Christina,Daniel,Environmental manager,"Radiographer, diagnostic",ymiller@example.org,Brownfort,001-779-974-9661x485,81623,UihfqFpT
Leslie,Clark,"Civil engineer, consulting",Legal secretary,renee71@example.com,Amandaton,(401)766-5419,37887,O4Jczv0s
Patricia,Wilson,Event organiser,Legal executive,jonathon68@example.net,New James,+1-459-611-4333x918,81346,edcS4VHe
Paul,Castro,Plant breeder/geneticist,Radio broadcast assistant,michaeldixon@example.org,Maryland,001-494-512-6854x269,47781,thvx1TW0
Kristen,Vega,Garment/textile technologist,Multimedia specialist,robert78@example.com,Lake Craig,(444)643-6092,34566,TtNnbQbd
Sylvia,Lewis,Immunologist,IT technical support officer,atkinschristopher@example.com,Stevenchester,779.943.1276x83222,63255,C0l9LmYF
Kelsey,Howard,"Librarian, public",Audiological scientist,shawngreen@example.com,Lake Jorge,(509)682-4928x6136,19522,4zup1muv
Christopher,Manning,Geographical information systems officer,Technical sales engineer,johnsondaniel@example.net,South Josephberg,-8663,1936,KVtu6GiS
Brenda,Moore,"Surveyor, building",Community pharmacist,jensenbrenda@example.com,East April,5738145823,34902,TGmCLKgB
Jeremy,Cox,Technical brewer,"Engineer, materials",erik97@example.net,Port Janet,(341)271-0968x18743,58915,3kxwAheM
Ana,Cohen,"Surveyor, minerals",Volunteer coordinator,clarence52@example.org,West Stephanieland,(629)755-8481,5606,PMGOeAEe
Kenneth,Marshall,Chartered certified accountant,Data scientist,phorton@example.org,New Matthewborough,331-636-9646x332,49663,bzsLo5bH
William,Gonzalez,"Teacher, early years/pre",Air broker,morristravis@example.com,New Stephanie,001-630-760-1390x8471,45490,dKmC3u3m